Workbook

Sheet final-RA-to-framework-summary
B1: Framework ID | C1: F1 | D1: F2 | E1: F3 | F1: F4 | G1: F5 | H1: F6 | I1: F7 | J1: F8 | K1: F9 | L1: F10 | M1: F11 | N1: F12 | O1: F13 | P1: F14 | Q1: F15 | R1: F16 | S1: F17 | T1: F18
B2: Framework name | C2: Gymnasium | D2: PettingZoo | E2: Unity ML-Agents | F2: Isaac Gym | G2: Isaac Lab | H2: dm_control | I2: DeepMind Lab | J2: Arcade Learning Environment | K2: Jumanji | L2: Stable Baselines3 | M2: RL Baselines3 Zoo | N2: RLlib | O2: Acme | P2: MARLlib | Q2: BenchMARL | R2: Mava | S2: Dopamine | T2: Tianshou
A3: Component group | B3: Component | C3: towers2025gymnasium | D3: terry2021pettingzoo | E3: juliani2020 | F3: makoviychuk2021isaac | G3: mittal2025isaac | H3: tunyasuvunakool2020 | I3: beattie2016deepmind | J3: bellemare2013arcade | K3: bonnet2024jumanji | L3: stable-baselines3 | M3: rl-zoo3 | N3: liang2018rllib | O3: hoffman2020acme | P3: hu2022marllib | Q3: bettini2024benchmarl | R3: dekock2023mava | S3: castro18dopamine | T3: tianshou
A4: Experiment Orchestrator | B4: Experiment Orchestrator | C4: not implemented | D4: not implemented | E4: not implemented | F4: not implemented | G4: not implemented | H4: not implemented | I4: not implemented | J4: not implemented | K4: not implemented | L4: not implemented | M4: implicit | N4: not implemented | O4: not implemented | P4: not implemented | Q4: not implemented | R4: not implemented | S4: not implemented | T4: not implemented
A5: Experiment Orchestrator | B5: Experiment Manager | C5: not implemented | D5: not implemented | E5: implicit | F5: not implemented | G5: not implemented | H5: not implemented | I5: not implemented | J5: not implemented | K5: not implemented | L5: implicit | M5: explicit | N5: implicit | O5: implicit | P5: implicit | Q5: implicit | R5: implicit | S5: implicit | T5: explicit
A6: Experiment Orchestrator | B6: Hyperparameter Tuner | C6: not implemented | D6: not implemented | E6: not implemented | F6: not implemented | G6: not implemented | H6: not implemented | I6: not implemented | J6: not implemented | K6: not implemented | L6: not implemented | M6: external | N6: external | O6: not implemented | P6: external | Q6: not implemented | R6: not implemented | S6: not implemented | T6: not implemented
A7: Experiment Orchestrator | B7: Benchmark Manager | C7: not implemented | D7: not implemented | E7: not implemented | F7: not implemented | G7: not implemented | H7: not implemented | I7: not implemented | J7: not implemented | K7: not implemented | L7: not implemented | M7: not implemented | N7: not implemented | O7: not implemented | P7: not implemented | Q7: explicit | R7: not implemented | S7: not implemented | T7: not implemented
A8: Framework Orchestrator | B8: Framework Orchestrator | C8: not implemented | D8: not implemented | E8: implicit | F8: not implemented | G8: not implemented | H8: not implemented | I8: not implemented | J8: not implemented | K8: not implemented | L8: implicit | M8: external | N8: implicit | O8: implicit | P8: implicit | Q8: implicit | R8: implicit | S8: implicit | T8: explicit
A9: Framework Orchestrator | B9: Lifecycle Manager | C9: not implemented | D9: not implemented | E9: explicit | F9: not implemented | G9: not implemented | H9: not implemented | I9: not implemented | J9: not implemented | K9: not implemented | L9: implicit | M9: external | N9: explicit | O9: explicit | P9: external | Q9: implicit | R9: implicit | S9: implicit | T9: implicit
A10: Framework Orchestrator | B10: Configuration Manager | C10: not implemented | D10: not implemented | E10: not implemented | F10: not implemented | G10: external | H10: not implemented | I10: not implemented | J10: not implemented | K10: not implemented | L10: not implemented | M10: not implemented | N10: explicit | O10: not implemented | P10: external | Q10: external | R10: external | S10: external | T10: explicit
A11: Framework Orchestrator | B11: Multi-Agent Coordinator | C11: not implemented | D11: implicit | E11: explicit | F11: not implemented | G11: implicit | H11: not implemented | I11: not implemented | J11: not implemented | K11: not implemented | L11: not implemented | M11: not implemented | N11: implicit | O11: not implemented | P11: implicit | Q11: implicit | R11: not implemented | S11: not implemented | T11: implicit
A12: Framework Orchestrator | B12: Distributed Execution Coordinator | C12: not implemented | D12: not implemented | E12: not implemented | F12: not implemented | G12: not implemented | H12: not implemented | I12: not implemented | J12: not implemented | K12: not implemented | L12: not implemented | M12: not implemented | N12: external | O12: external | P12: external | Q12: not implemented | R12: implicit | S12: not implemented | T12: not implemented
A13: Agent | B13: Agent | C13: not implemented | D13: not implemented | E13: explicit | F13: not implemented | G13: not implemented | H13: not implemented | I13: not implemented | J13: not implemented | K13: not implemented | L13: explicit | M13: external | N13: explicit | O13: explicit | P13: external | Q13: explicit | R13: explicit | S13: explicit | T13: explicit
A14: Agent | B14: Function Approximator | C14: not implemented | D14: not implemented | E14: explicit | F14: not implemented | G14: not implemented | H14: not implemented | I14: not implemented | J14: not implemented | K14: not implemented | L14: explicit | M14: external | N14: explicit | O14: explicit | P14: external | Q14: explicit | R14: implicit | S14: implicit | T14: explicit
... A26: Monitoring & Visualization | B26: Reporter | C26: explicit | D26: explicit | E26: external | F26: external | G26: not implemented | H26: not implemented | I26: not implemented | J26: not implemented | K26: not implemented | L26: external | M26: explicit | N26: explicit | O26: not implemented | P26: external | Q26: external | R26: external | S26: external | T26: external

Sheet final-RA-to-framework-detail
A1: Framework ID | B1: Framework name | C1: Component | D1: Component status | E1: Link | F1: Code snippet | G1: Explanation | H1: External library
A2: {=INDEX('final-RA-to-framework-summary'!$C$1:$T$1, 1, INT((ROW(A1)-1)/23)+1)} -> F1 | B2: {=INDEX('final-RA-to-framework-summary'!$C$2:$T$2, 1, INT((ROW(B1)-1)/23)+1)} -> Gymnasium | C2: {=INDEX('final-RA-to-framework-summary'!$B$4:$B$26, MOD(ROW(A1)-1, 23)+1)} -> Experiment Orchestrator | D2: {=INDEX('final-RA-to-framework-summary'!$C$4:$Z$26, MOD(ROW(A1)-1, 23)+1, INT((ROW(A1)-1)/23)+1)} -> not implemented
A3: {=INDEX('final-RA-to-framework-summary'!$C$1:$T$1, 1, INT((ROW(A2)-1)/23)+1)} -> F1 | B3: {=INDEX('final-RA-to-framework-summary'!$C$2:$T$2, 1, INT((ROW(B2)-1)/23)+1)} -> Gymnasium | C3: {=INDEX('final-RA-to-framework-summary'!$B$4:$B$26, MOD(ROW(A2)-1, 23)+1)} -> Experiment Manager | D3: {=INDEX('final-RA-to-framework-summary'!$C$4:$Z$26, MOD(ROW(A2)-1, 23)+1, INT((ROW(A2)-1)/23)+1)} -> not implemented
A4: {=INDEX('final-RA-to-framework-summary'!$C$1:$T$1, 1, INT((ROW(A3)-1)/23)+1)} -> F1 | B4: {=INDEX('final-RA-to-framework-summary'!$C$2:$T$2, 1, INT((ROW(B3)-1)/23)+1)} -> Gymnasium | C4: {=INDEX('final-RA-to-framework-summary'!$B$4:$B$26, MOD(ROW(A3)-1, 23)+1)} -> Hyperparameter Tuner | D4: {=INDEX('final-RA-to-framework-summary'!$C$4:$Z$26, MOD(ROW(A3)-1, 23)+1, INT((ROW(A3)-1)/23)+1)} -> not implemented
A5: {=INDEX('final-RA-to-framework-summary'!$C$1:$T$1, 1, INT((ROW(A4)-1)/23)+1)} -> F1 | B5: {=INDEX('final-RA-to-framework-summary'!$C$2:$T$2, 1, INT((ROW(B4)-1)/23)+1)} -> Gymnasium | C5: {=INDEX('final-RA-to-framework-summary'!$B$4:$B$26, MOD(ROW(A4)-1, 23)+1)} -> Benchmark Manager | D5: {=INDEX('final-RA-to-framework-summary'!$C$4:$Z$26, MOD(ROW(A4)-1, 23)+1, INT((ROW(A4)-1)/23)+1)} -> not implemented
A6: {=INDEX('final-RA-to-framework-summary'!$C$1:$T$1, 1, INT((ROW(A5)-1)/23)+1)} -> F1 | B6: {=INDEX('final-RA-to-framework-summary'!$C$2:$T$2, 1, INT((ROW(B5)-1)/23)+1)} -> Gymnasium | C6: {=INDEX('final-RA-to-framework-summary'!$B$4:$B$26, MOD(ROW(A5)-1, 23)+1)} -> Framework Orchestrator | D6: {=INDEX('final-RA-to-framework-summary'!$C$4:$Z$26, MOD(ROW(A5)-1, 23)+1, INT((ROW(A5)-1)/23)+1)} -> not implemented
A7: {=INDEX('final-RA-to-framework-summary'!$C$1:$T$1, 1, INT((ROW(A6)-1)/23)+1)} -> F1 | B7: {=INDEX('final-RA-to-framework-summary'!$C$2:$T$2, 1, INT((ROW(B6)-1)/23)+1)} -> Gymnasium | C7: {=INDEX('final-RA-to-framework-summary'!$B$4:$B$26, MOD(ROW(A6)-1, 23)+1)} -> Lifecycle Manager | D7: {=INDEX('final-RA-to-framework-summary'!$C$4:$Z$26, MOD(ROW(A6)-1, 23)+1, INT((ROW(A6)-1)/23)+1)} -> not implemented
A8: {=INDEX('final-RA-to-framework-summary'!$C$1:$T$1, 1, INT((ROW(A7)-1)/23)+1)} -> F1 | B8: {=INDEX('final-RA-to-framework-summary'!$C$2:$T$2, 1, INT((ROW(B7)-1)/23)+1)} -> Gymnasium | C8: {=INDEX('final-RA-to-framework-summary'!$B$4:$B$26, MOD(ROW(A7)-1, 23)+1)} -> Configuration Manager | D8: {=INDEX('final-RA-to-framework-summary'!$C$4:$Z$26, MOD(ROW(A7)-1, 23)+1, INT((ROW(A7)-1)/23)+1)} -> not implemented
A9: {=INDEX('final-RA-to-framework-summary'!$C$1:$T$1, 1, INT((ROW(A8)-1)/23)+1)} -> F1 | B9: {=INDEX('final-RA-to-framework-summary'!$C$2:$T$2, 1, INT((ROW(B8)-1)/23)+1)} -> Gymnasium | C9: {=INDEX('final-RA-to-framework-summary'!$B$4:$B$26, MOD(ROW(A8)-1, 23)+1)} -> Multi-Agent Coordinator | D9: {=INDEX('final-RA-to-framework-summary'!$C$4:$Z$26, MOD(ROW(A8)-1, 23)+1, INT((ROW(A8)-1)/23)+1)} -> not implemented
A10: {=INDEX('final-RA-to-framework-summary'!$C$1:$T$1, 1, INT((ROW(A9)-1)/23)+1)} -> F1 | B10: {=INDEX('final-RA-to-framework-summary'!$C$2:$T$2, 1, INT((ROW(B9)-1)/23)+1)} -> Gymnasium | C10: {=INDEX('final-RA-to-framework-summary'!$B$4:$B$26, MOD(ROW(A9)-1, 23)+1)} -> Distributed Execution Coordinator | D10: {=INDEX('final-RA-to-framework-summary'!$C$4:$Z$26, MOD(ROW(A9)-1, 23)+1, INT((ROW(A9)-1)/23)+1)} -> not implemented
A11: {=INDEX('final-RA-to-framework-summary'!$C$1:$T$1, 1, INT((ROW(A10)-1)/23)+1)} -> F1 | B11: {=INDEX('final-RA-to-framework-summary'!$C$2:$T$2, 1, INT((ROW(B10)-1)/23)+1)} -> Gymnasium | C11: {=INDEX('final-RA-to-framework-summary'!$B$4:$B$26, MOD(ROW(A10)-1, 23)+1)} -> Agent | D11: {=INDEX('final-RA-to-framework-summary'!$C$4:$Z$26, MOD(ROW(A10)-1, 23)+1, INT((ROW(A10)-1)/23)+1)} -> not implemented
A12: {=INDEX('final-RA-to-framework-summary'!$C$1:$T$1, 1, INT((ROW(A11)-1)/23)+1)} -> F1 | B12: {=INDEX('final-RA-to-framework-summary'!$C$2:$T$2, 1, INT((ROW(B11)-1)/23)+1)} -> Gymnasium | C12: {=INDEX('final-RA-to-framework-summary'!$B$4:$B$26, MOD(ROW(A11)-1, 23)+1)} -> Function Approximator | D12: {=INDEX('final-RA-to-framework-summary'!$C$4:$Z$26, MOD(ROW(A11)-1, 23)+1, INT((ROW(A11)-1)/23)+1)} -> not implemented
A13: {=INDEX('final-RA-to-framework-summary'!$C$1:$T$1, 1, INT((ROW(A12)-1)/23)+1)} -> F1 | B13: {=INDEX('final-RA-to-framework-summary'!$C$2:$T$2, 1, INT((ROW(B12)-1)/23)+1)} -> Gymnasium | C13: {=INDEX('final-RA-to-framework-summary'!$B$4:$B$26, MOD(ROW(A12)-1, 23)+1)} -> Buffer | D13: {=INDEX('final-RA-to-framework-summary'!$C$4:$Z$26, MOD(ROW(A12)-1, 23)+1, INT((ROW(A12)-1)/23)+1)} -> not implemented
A14: {=INDEX('final-RA-to-framework-summary'!$C$1:$T$1, 1, INT((ROW(A13)-1)/23)+1)} -> F1 | B14: {=INDEX('final-RA-to-framework-summary'!$C$2:$T$2, 1, INT((ROW(B13)-1)/23)+1)} -> Gymnasium | C14: {=INDEX('final-RA-to-framework-summary'!$B$4:$B$26, MOD(ROW(A13)-1, 23)+1)} -> Learner | D14: {=INDEX('final-RA-to-framework-summary'!$C$4:$Z$26, MOD(ROW(A13)-1, 23)+1, INT((ROW(A13)-1)/23)+1)} -> not implemented
A15: {=INDEX('final-RA-to-framework-summary'!$C$1:$T$1, 1, INT((ROW(A14)-1)/23)+1)} -> F1 | B15: {=INDEX('final-RA-to-framework-summary'!$C$2:$T$2, 1, INT((ROW(B14)-1)/23)+1)} -> Gymnasium | C15: {=INDEX('final-RA-to-framework-summary'!$B$4:$B$26, MOD(ROW(A14)-1, 23)+1)} -> Environment | D15: {=INDEX('final-RA-to-framework-summary'!$C$4:$Z$26, MOD(ROW(A14)-1, 23)+1, INT((ROW(A14)-1)/23)+1)} -> explicit | E15: https://github.com/Farama-Foundation/Gymnasium/blob/main/gymnasium/core.py | F15: class Env(Generic[ObsType, ActType]): r"""The main Gymnasium class for implementing Reinforcement Learning Agents environments.
A16: {=INDEX('final-RA-to-framework-summary'!$C$1:$T$1, 1, INT((ROW(A15)-1)/23)+1)} -> F1 | B16: {=INDEX('final-RA-to-framework-summary'!$C$2:$T$2, 1, INT((ROW(B15)-1)/23)+1)} -> Gymnasium | C16: {=INDEX('final-RA-to-framework-summary'!$B$4:$B$26, MOD(ROW(A15)-1, 23)+1)} -> Environment Core | D16: {=INDEX('final-RA-to-framework-summary'!$C$4:$Z$26, MOD(ROW(A15)-1, 23)+1, INT((ROW(A15)-1)/23)+1)} -> explicit | E16: https://github.com/Farama-Foundation/Gymnasium/blob/main/gymnasium/core.py ; https://github.com/Farama-Foundation/Gymnasium/tree/main/gymnasium/envs | F16: class Env(Generic[ObsType, ActType]): r"""The main Gymnasium class for implementing Reinforcement Learning Agents environments. The class encapsulates an environment with arbitrary behind-the-scenes dynamics through the :meth:`step` and :meth:`reset` functions. An environment can be partially or fully observed by single agents. | G16: Action: each env’s step() to execute; Observation: step() reset() return observation value Reward: calculated inside each env’s step() IN envs/ implement list of envs
A17: {=INDEX('final-RA-to-framework-summary'!$C$1:$T$1, 1, INT((ROW(A16)-1)/23)+1)} -> F1 | B17: {=INDEX('final-RA-to-framework-summary'!$C$2:$T$2, 1, INT((ROW(B16)-1)/23)+1)} -> Gymnasium | C17: {=INDEX('final-RA-to-framework-summary'!$B$4:$B$26, MOD(ROW(A16)-1, 23)+1)} -> Simulator | D17: {=INDEX('final-RA-to-framework-summary'!$C$4:$Z$26, MOD(ROW(A16)-1, 23)+1, INT((ROW(A16)-1)/23)+1)} -> implicit | E17: Mujoco: https://github.com/Farama-Foundation/Gymnasium/blob/main/gymnasium/envs/mujoco/mujoco_env.py Box2D: https://github.com/Farama-Foundation/Gymnasium/blob/main/gymnasium/envs/box2d/bipedal_walker.py | F17: import mujoco import Box2D | G17: either merge into the pre-packaged environments or rely on external simulators
A18: {=INDEX('final-RA-to-framework-summary'!$C$1:$T$1, 1, INT((ROW(A17)-1)/23)+1)} -> F1 | B18: {=INDEX('final-RA-to-framework-summary'!$C$2:$T$2, 1, INT((ROW(B17)-1)/23)+1)} -> Gymnasium | C18: {=INDEX('final-RA-to-framework-summary'!$B$4:$B$26, MOD(ROW(A17)-1, 23)+1)} -> Simulator Adapter | D18: {=INDEX('final-RA-to-framework-summary'!$C$4:$Z$26, MOD(ROW(A17)-1, 23)+1, INT((ROW(A17)-1)/23)+1)} -> implicit | E18: https://github.com/Farama-Foundation/Gymnasium/blob/main/gymnasium/envs/mujoco/mujoco_env.py | F18: gymnasium/envs/mujoco/mujoco_env.py class MujocoEnv(gym.Env): """Superclass for MuJoCo based environments.""" _initialize_simulation, _step_mujoco_simulation | G18: many, depends on different simulator, for example in the link, function call to the Mujoco simulator
A19: {=INDEX('final-RA-to-framework-summary'!$C$1:$T$1, 1, INT((ROW(A18)-1)/23)+1)} -> F1 | B19: {=INDEX('final-RA-to-framework-summary'!$C$2:$T$2, 1, INT((ROW(B18)-1)/23)+1)} -> Gymnasium | C19: {=INDEX('final-RA-to-framework-summary'!$B$4:$B$26, MOD(ROW(A18)-1, 23)+1)} -> Checkpoint Manager | D19: {=INDEX('final-RA-to-framework-summary'!$C$4:$Z$26, MOD(ROW(A18)-1, 23)+1, INT((ROW(A18)-1)/23)+1)} -> not implemented
A20: {=INDEX('final-RA-to-framework-summary'!$C$1:$T$1, 1, INT((ROW(A19)-1)/23)+1)} -> F1 | B20: {=INDEX('final-RA-to-framework-summary'!$C$2:$T$2, 1, INT((ROW(B19)-1)/23)+1)} -> Gymnasium | C20: {=INDEX('final-RA-to-framework-summary'!$B$4:$B$26, MOD(ROW(A19)-1, 23)+1)} -> Environment Parameter Manager | D20: {=INDEX('final-RA-to-framework-summary'!$C$4:$Z$26, MOD(ROW(A19)-1, 23)+1, INT((ROW(A19)-1)/23)+1)} -> not implemented
A21: {=INDEX('final-RA-to-framework-summary'!$C$1:$T$1, 1, INT((ROW(A20)-1)/23)+1)} -> F1 | B21: {=INDEX('final-RA-to-framework-summary'!$C$2:$T$2, 1, INT((ROW(B20)-1)/23)+1)} -> Gymnasium | C21: {=INDEX('final-RA-to-framework-summary'!$B$4:$B$26, MOD(ROW(A20)-1, 23)+1)} -> Renderer | D21: {=INDEX('final-RA-to-framework-summary'!$C$4:$Z$26, MOD(ROW(A20)-1, 23)+1, INT((ROW(A20)-1)/23)+1)} -> explicit | E21: https://github.com/Farama-Foundation/Gymnasium/blob/main/gymnasium/envs/mujoco/mujoco_rendering.py ; https://github.com/Farama-Foundation/Gymnasium/blob/main/gymnasium/wrappers/vector/rendering.py | F21: BaseRender: Render context superclass for offscreen and window rendering. OffScreenViewer(BaseRender): Offscreen rendering class with opengl context. ----- class HumanRendering(VectorWrapper, gym.utils.RecordConstructorArgs): Adds support for Human-based Rendering for Vector-based environments.
A22: {=INDEX('final-RA-to-framework-summary'!$C$1:$T$1, 1, INT((ROW(A21)-1)/23)+1)} -> F1 | B22: {=INDEX('final-RA-to-framework-summary'!$C$2:$T$2, 1, INT((ROW(B21)-1)/23)+1)} -> Gymnasium | C22: {=INDEX('final-RA-to-framework-summary'!$B$4:$B$26, MOD(ROW(A21)-1, 23)+1)} -> Recorder | D22: {=INDEX('final-RA-to-framework-summary'!$C$4:$Z$26, MOD(ROW(A21)-1, 23)+1, INT((ROW(A21)-1)/23)+1)} -> explicit | E22: https://github.com/Farama-Foundation/Gymnasium/blob/main/gymnasium/wrappers/vector/rendering.py ; https://github.com/Farama-Foundation/Gymnasium/blob/main/gymnasium/utils/save_video.py | F22: class RecordVideo: Adds support for video recording for Vector-based environments. ----- def save_video(): Save videos from rendering frames. -- call frames=env.render()
A23: {=INDEX('final-RA-to-framework-summary'!$C$1:$T$1, 1, INT((ROW(A22)-1)/23)+1)} -> F1 | B23: {=INDEX('final-RA-to-framework-summary'!$C$2:$T$2, 1, INT((ROW(B22)-1)/23)+1)} -> Gymnasium | C23: {=INDEX('final-RA-to-framework-summary'!$B$4:$B$26, MOD(ROW(A22)-1, 23)+1)} -> Logger | D23: {=INDEX('final-RA-to-framework-summary'!$C$4:$Z$26, MOD(ROW(A22)-1, 23)+1, INT((ROW(A22)-1)/23)+1)} -> explicit | E23: https://github.com/Farama-Foundation/Gymnasium/blob/main/gymnasium/logger.py ; https://github.com/Farama-Foundation/Gymnasium/blob/main/gymnasium/wrappers/vector/common.py | F23: Set of functions for logging messages. ----- class RecordEpisodeStatistics(VectorWrapper): This wrapper will keep track of cumulative rewards and episode lengths. the most recent rewards and episode lengths are stored in buffers that can be accessed via :attr:`wrapped_env.return_queue` and :attr:`wrapped_env.length_queue` respectively.
A24: {=INDEX('final-RA-to-framework-summary'!$C$1:$T$1, 1, INT((ROW(A23)-1)/23)+1)} -> F1 | B24: {=INDEX('final-RA-to-framework-summary'!$C$2:$T$2, 1, INT((ROW(B23)-1)/23)+1)} -> Gymnasium | C24: {=INDEX('final-RA-to-framework-summary'!$B$4:$B$26, MOD(ROW(A23)-1, 23)+1)} -> Reporter | D24: {=INDEX('final-RA-to-framework-summary'!$C$4:$Z$26, MOD(ROW(A23)-1, 23)+1, INT((ROW(A23)-1)/23)+1)} -> explicit | E24: https://github.com/Farama-Foundation/Gymnasium/blob/main/gymnasium/wrappers/vector/common.py | F24: class RecordEpisodeStatistics(VectorWrapper): This wrapper will keep track of cumulative rewards and episode lengths. the most recent rewards and episode lengths are stored in buffers that can be accessed via :attr:`wrapped_env.return_queue` and :attr:`wrapped_env.length_queue` respectively.
A25: {=INDEX('final-RA-to-framework-summary'!$C$1:$T$1, 1, INT((ROW(A24)-1)/23)+1)} -> F2 | B25: {=INDEX('final-RA-to-framework-summary'!$C$2:$T$2, 1, INT((ROW(B24)-1)/23)+1)} -> PettingZoo | C25: {=INDEX('final-RA-to-framework-summary'!$B$4:$B$26, MOD(ROW(A24)-1, 23)+1)} -> Experiment Orchestrator | D25: {=INDEX('final-RA-to-framework-summary'!$C$4:$Z$26, MOD(ROW(A24)-1, 23)+1, INT((ROW(A24)-1)/23)+1)} -> not implemented
A26: {=INDEX('final-RA-to-framework-summary'!$C$1:$T$1, 1, INT((ROW(A25)-1)/23)+1)} -> F2 | B26: {=INDEX('final-RA-to-framework-summary'!$C$2:$T$2, 1, INT((ROW(B25)-1)/23)+1)} -> PettingZoo | C26: {=INDEX('final-RA-to-framework-summary'!$B$4:$B$26, MOD(ROW(A25)-1, 23)+1)} -> Experiment Manager | D26: {=INDEX('final-RA-to-framework-summary'!$C$4:$Z$26, MOD(ROW(A25)-1, 23)+1, INT((ROW(A25)-1)/23)+1)} -> not implemented
A27: {=INDEX('final-RA-to-framework-summary'!$C$1:$T$1, 1, INT((ROW(A26)-1)/23)+1)} -> F2 | B27: {=INDEX('final-RA-to-framework-summary'!$C$2:$T$2, 1, INT((ROW(B26)-1)/23)+1)} -> PettingZoo | C27: {=INDEX('final-RA-to-framework-summary'!$B$4:$B$26, MOD(ROW(A26)-1, 23)+1)} -> Hyperparameter Tuner | D27: {=INDEX('final-RA-to-framework-summary'!$C$4:$Z$26, MOD(ROW(A26)-1, 23)+1, INT((ROW(A26)-1)/23)+1)} -> not implemented
A28: {=INDEX('final-RA-to-framework-summary'!$C$1:$T$1, 1, INT((ROW(A27)-1)/23)+1)} -> F2 | B28: {=INDEX('final-RA-to-framework-summary'!$C$2:$T$2, 1, INT((ROW(B27)-1)/23)+1)} -> PettingZoo | C28: {=INDEX('final-RA-to-framework-summary'!$B$4:$B$26, MOD(ROW(A27)-1, 23)+1)} -> Benchmark Manager | D28: {=INDEX('final-RA-to-framework-summary'!$C$4:$Z$26, MOD(ROW(A27)-1, 23)+1, INT((ROW(A27)-1)/23)+1)} -> not implemented
A29: {=INDEX('final-RA-to-framework-summary'!$C$1:$T$1, 1, INT((ROW(A28)-1)/23)+1)} -> F2 | B29: {=INDEX('final-RA-to-framework-summary'!$C$2:$T$2, 1, INT((ROW(B28)-1)/23)+1)} -> PettingZoo | C29: {=INDEX('final-RA-to-framework-summary'!$B$4:$B$26, MOD(ROW(A28)-1, 23)+1)} -> Framework Orchestrator | D29: {=INDEX('final-RA-to-framework-summary'!$C$4:$Z$26, MOD(ROW(A28)-1, 23)+1, INT((ROW(A28)-1)/23)+1)} -> not implemented
A30: {=INDEX('final-RA-to-framework-summary'!$C$1:$T$1, 1, INT((ROW(A29)-1)/23)+1)} -> F2 | B30: {=INDEX('final-RA-to-framework-summary'!$C$2:$T$2, 1, INT((ROW(B29)-1)/23)+1)} -> PettingZoo | C30: {=INDEX('final-RA-to-framework-summary'!$B$4:$B$26, MOD(ROW(A29)-1, 23)+1)} -> Lifecycle Manager | D30: {=INDEX('final-RA-to-framework-summary'!$C$4:$Z$26, MOD(ROW(A29)-1, 23)+1, INT((ROW(A29)-1)/23)+1)} -> not implemented
A31: {=INDEX('final-RA-to-framework-summary'!$C$1:$T$1, 1, INT((ROW(A30)-1)/23)+1)} -> F2 | B31: {=INDEX('final-RA-to-framework-summary'!$C$2:$T$2, 1, INT((ROW(B30)-1)/23)+1)} -> PettingZoo | C31: {=INDEX('final-RA-to-framework-summary'!$B$4:$B$26, MOD(ROW(A30)-1, 23)+1)} -> Configuration Manager | D31: {=INDEX('final-RA-to-framework-summary'!$C$4:$Z$26, MOD(ROW(A30)-1, 23)+1, INT((ROW(A30)-1)/23)+1)} -> not implemented
A32: {=INDEX('final-RA-to-framework-summary'!$C$1:$T$1, 1, INT((ROW(A31)-1)/23)+1)} -> F2 | B32: {=INDEX('final-RA-to-framework-summary'!$C$2:$T$2, 1, INT((ROW(B31)-1)/23)+1)} -> PettingZoo | C32: {=INDEX('final-RA-to-framework-summary'!$B$4:$B$26, MOD(ROW(A31)-1, 23)+1)} -> Multi-Agent Coordinator | D32: {=INDEX('final-RA-to-framework-summary'!$C$4:$Z$26, MOD(ROW(A31)-1, 23)+1, INT((ROW(A31)-1)/23)+1)} -> implicit | E32: https://github.com/Farama-Foundation/PettingZoo/blob/master/pettingzoo/utils/agent_selector.py | F32: class AgentSelector: """Outputs an agent in the given order whenever agent_select is called. Can reinitialize to a new order. | G32: The agent selector utility allows for easy cycling of agents in an AEC environment. At any time it can be reset or reinitialized with a new order, allowing for changes in turn order or handling a dynamic number of agents. Also, for Parallel: steps every live agent at once actions provided as {agent_id: action} dict (Parallel env implementation logic)
A33: {=INDEX('final-RA-to-framework-summary'!$C$1:$T$1, 1, INT((ROW(A32)-1)/23)+1)} -> F2 | B33: {=INDEX('final-RA-to-framework-summary'!$C$2:$T$2, 1, INT((ROW(B32)-1)/23)+1)} -> PettingZoo | C33: {=INDEX('final-RA-to-framework-summary'!$B$4:$B$26, MOD(ROW(A32)-1, 23)+1)} -> Distributed Execution Coordinator | D33: {=INDEX('final-RA-to-framework-summary'!$C$4:$Z$26, MOD(ROW(A32)-1, 23)+1, INT((ROW(A32)-1)/23)+1)} -> not implemented
A34: {=INDEX('final-RA-to-framework-summary'!$C$1:$T$1, 1, INT((ROW(A33)-1)/23)+1)} -> F2 | B34: {=INDEX('final-RA-to-framework-summary'!$C$2:$T$2, 1, INT((ROW(B33)-1)/23)+1)} -> PettingZoo | C34: {=INDEX('final-RA-to-framework-summary'!$B$4:$B$26, MOD(ROW(A33)-1, 23)+1)} -> Agent | D34: {=INDEX('final-RA-to-framework-summary'!$C$4:$Z$26, MOD(ROW(A33)-1, 23)+1, INT((ROW(A33)-1)/23)+1)} -> not implemented
A35: {=INDEX('final-RA-to-framework-summary'!$C$1:$T$1, 1, INT((ROW(A34)-1)/23)+1)} -> F2 | B35: {=INDEX('final-RA-to-framework-summary'!$C$2:$T$2, 1, INT((ROW(B34)-1)/23)+1)} -> PettingZoo | C35: {=INDEX('final-RA-to-framework-summary'!$B$4:$B$26, MOD(ROW(A34)-1, 23)+1)} -> Function Approximator | D35: {=INDEX('final-RA-to-framework-summary'!$C$4:$Z$26, MOD(ROW(A34)-1, 23)+1, INT((ROW(A34)-1)/23)+1)} -> not implemented
A36: {=INDEX('final-RA-to-framework-summary'!$C$1:$T$1, 1, INT((ROW(A35)-1)/23)+1)} -> F2 | B36: {=INDEX('final-RA-to-framework-summary'!$C$2:$T$2, 1, INT((ROW(B35)-1)/23)+1)} -> PettingZoo | C36: {=INDEX('final-RA-to-framework-summary'!$B$4:$B$26, MOD(ROW(A35)-1, 23)+1)} -> Buffer | D36: {=INDEX('final-RA-to-framework-summary'!$C$4:$Z$26, MOD(ROW(A35)-1, 23)+1, INT((ROW(A35)-1)/23)+1)} -> not implemented
A37: {=INDEX('final-RA-to-framework-summary'!$C$1:$T$1, 1, INT((ROW(A36)-1)/23)+1)} -> F2 | B37: {=INDEX('final-RA-to-framework-summary'!$C$2:$T$2, 1, INT((ROW(B36)-1)/23)+1)} -> PettingZoo | C37: {=INDEX('final-RA-to-framework-summary'!$B$4:$B$26, MOD(ROW(A36)-1, 23)+1)} -> Learner | D37: {=INDEX('final-RA-to-framework-summary'!$C$4:$Z$26, MOD(ROW(A36)-1, 23)+1, INT((ROW(A36)-1)/23)+1)} -> not implemented
A38: {=INDEX('final-RA-to-framework-summary'!$C$1:$T$1, 1, INT((ROW(A37)-1)/23)+1)} -> F2 | B38: {=INDEX('final-RA-to-framework-summary'!$C$2:$T$2, 1, INT((ROW(B37)-1)/23)+1)} -> PettingZoo | C38: {=INDEX('final-RA-to-framework-summary'!$B$4:$B$26, MOD(ROW(A37)-1, 23)+1)} -> Environment | D38: {=INDEX('final-RA-to-framework-summary'!$C$4:$Z$26, MOD(ROW(A37)-1, 23)+1, INT((ROW(A37)-1)/23)+1)} -> explicit | E38: https://github.com/Farama-Foundation/PettingZoo/blob/master/pettingzoo/utils/env.py | F38: class AECEnv(Generic[AgentID, ObsType, ActionType]): """The AECEnv steps agents one at a time. class ParallelEnv(Generic[AgentID, ObsType, ActionType]): """Parallel environment class.
A39: {=INDEX('final-RA-to-framework-summary'!$C$1:$T$1, 1, INT((ROW(A38)-1)/23)+1)} -> F2 | B39: {=INDEX('final-RA-to-framework-summary'!$C$2:$T$2, 1, INT((ROW(B38)-1)/23)+1)} -> PettingZoo | C39: {=INDEX('final-RA-to-framework-summary'!$B$4:$B$26, MOD(ROW(A38)-1, 23)+1)} -> Environment Core | D39: {=INDEX('final-RA-to-framework-summary'!$C$4:$Z$26, MOD(ROW(A38)-1, 23)+1, INT((ROW(A38)-1)/23)+1)} -> explicit | E39: https://github.com/Farama-Foundation/PettingZoo/blob/master/pettingzoo/utils/env.py | F39: AECEnv, ParallelEnv | G39: Action: In each env’s step() to execute; Observation: Inside each env’s observe(agent) method (AEC) or in its step() return (Parallel) Reward: Inside each env’s step() internally, the env keeps a per-agent env.rewards[agent] dict that accumulates increments between that agent’s turn env.last() method provides cumulative rewards since agent's last action for current agent
A40: {=INDEX('final-RA-to-framework-summary'!$C$1:$T$1, 1, INT((ROW(A39)-1)/23)+1)} -> F2 | B40: {=INDEX('final-RA-to-framework-summary'!$C$2:$T$2, 1, INT((ROW(B39)-1)/23)+1)} -> PettingZoo | C40: {=INDEX('final-RA-to-framework-summary'!$B$4:$B$26, MOD(ROW(A39)-1, 23)+1)} -> Simulator | D40: {=INDEX('final-RA-to-framework-summary'!$C$4:$Z$26, MOD(ROW(A39)-1, 23)+1, INT((ROW(A39)-1)/23)+1)} -> implicit | E40: https://github.com/Farama-Foundation/PettingZoo/blob/master/pettingzoo/mpe/_mpe_utils/core.py | F40: class World: # multi-agent world def __init__(self): # list of agents and entities (can change at execution-time!) self.agents = [] self.landmarks = [] # communication channel dimensionality self.dim_c = 0 # position dimensionality self.dim_p = 2 # color dimensionality self.dim_color = 3 # simulation timestep self.dt = 0.1 # physical damping self.damping = 0.25 # contact response parameters self.contact_force = 1e2 self.contact_margin = 1e-3 # update state of the world def step(self): # set actions for scripted agents for agent in self.scripted_agents: agent.action = agent.action_callback(agent, self) # gather forces applied to entities p_force = [None] * len(self.entities) # apply agent physical controls p_force = self.apply_action_force(p_force) # apply environment forces p_force = self.apply_environment_force(p_force) # integrate physical state self.integrate_state(p_force) # update agent state for agent in self.agents: self.update_agent_state(agent) | G40: Atari: ALE (Stella) via ale-py; MPE: lightweight physics in Python; classic: board-game logic in Python butterfly: custom simulators. For example, here it's do simulation step
A41: {=INDEX('final-RA-to-framework-summary'!$C$1:$T$1, 1, INT((ROW(A40)-1)/23)+1)} -> F2 | B41: {=INDEX('final-RA-to-framework-summary'!$C$2:$T$2, 1, INT((ROW(B40)-1)/23)+1)} -> PettingZoo | C41: {=INDEX('final-RA-to-framework-summary'!$B$4:$B$26, MOD(ROW(A40)-1, 23)+1)} -> Simulator Adapter | D41: {=INDEX('final-RA-to-framework-summary'!$C$4:$Z$26, MOD(ROW(A40)-1, 23)+1, INT((ROW(A40)-1)/23)+1)} -> implicit | E41: https://github.com/Farama-Foundation/PettingZoo/blob/master/pettingzoo/sisl/multiwalker/multiwalker_base.py | F41: class MultiWalkerEnv: Initializes the `MultiWalkerEnv` class. self.world = Box2D.b2World() | G41: many, depends on different simulator, for example, adapter inside the Env to use Box2D
A42: {=INDEX('final-RA-to-framework-summary'!$C$1:$T$1, 1, INT((ROW(A41)-1)/23)+1)} -> F2 | B42: {=INDEX('final-RA-to-framework-summary'!$C$2:$T$2, 1, INT((ROW(B41)-1)/23)+1)} -> PettingZoo | C42: {=INDEX('final-RA-to-framework-summary'!$B$4:$B$26, MOD(ROW(A41)-1, 23)+1)} -> Checkpoint Manager | D42: {=INDEX('final-RA-to-framework-summary'!$C$4:$Z$26, MOD(ROW(A41)-1, 23)+1, INT((ROW(A41)-1)/23)+1)} -> not implemented
A43: {=INDEX('final-RA-to-framework-summary'!$C$1:$T$1, 1, INT((ROW(A42)-1)/23)+1)} -> F2 | B43: {=INDEX('final-RA-to-framework-summary'!$C$2:$T$2, 1, INT((ROW(B42)-1)/23)+1)} -> PettingZoo | C43: {=INDEX('final-RA-to-framework-summary'!$B$4:$B$26, MOD(ROW(A42)-1, 23)+1)} -> Environment Parameter Manager | D43: {=INDEX('final-RA-to-framework-summary'!$C$4:$Z$26, MOD(ROW(A42)-1, 23)+1, INT((ROW(A42)-1)/23)+1)} -> not implemented
A44: {=INDEX('final-RA-to-framework-summary'!$C$1:$T$1, 1, INT((ROW(A43)-1)/23)+1)} -> F2 | B44: {=INDEX('final-RA-to-framework-summary'!$C$2:$T$2, 1, INT((ROW(B43)-1)/23)+1)} -> PettingZoo | C44: {=INDEX('final-RA-to-framework-summary'!$B$4:$B$26, MOD(ROW(A43)-1, 23)+1)} -> Renderer | D44: {=INDEX('final-RA-to-framework-summary'!$C$4:$Z$26, MOD(ROW(A43)-1, 23)+1, INT((ROW(A43)-1)/23)+1)} -> implicit | E44: https://github.com/Farama-Foundation/PettingZoo/blob/master/pettingzoo/sisl/multiwalker/multiwalker_base.py | F44: Renders the environment as specified by self.render_mode. Render mode can be human to display a window. Other render modes in the default environments are ‘rgb_array’ which returns a numpy array and is supported by all environments outside of classic, and ‘ansi’ which returns the strings printed (specific to classic environments). | G44: in each env implementation provides render() for example
A45: {=INDEX('final-RA-to-framework-summary'!$C$1:$T$1, 1, INT((ROW(A44)-1)/23)+1)} -> F2 | B45: {=INDEX('final-RA-to-framework-summary'!$C$2:$T$2, 1, INT((ROW(B44)-1)/23)+1)} -> PettingZoo | C45: {=INDEX('final-RA-to-framework-summary'!$B$4:$B$26, MOD(ROW(A44)-1, 23)+1)} -> Recorder | D45: {=INDEX('final-RA-to-framework-summary'!$C$4:$Z$26, MOD(ROW(A44)-1, 23)+1, INT((ROW(A44)-1)/23)+1)} -> explicit | E45: https://github.com/Farama-Foundation/PettingZoo/blob/master/pettingzoo/utils/save_observation.py | F45: # save the observation of an agent. If agent not specified uses env selected agent. If all_agents # then all agents in environment observation recorded. im = Image.fromarray(rescaled) fname = os.path.join(save_folder, str(a) + ".png") im.save(fname)
A46: {=INDEX('final-RA-to-framework-summary'!$C$1:$T$1, 1, INT((ROW(A45)-1)/23)+1)} -> F2 | B46: {=INDEX('final-RA-to-framework-summary'!$C$2:$T$2, 1, INT((ROW(B45)-1)/23)+1)} -> PettingZoo | C46: {=INDEX('final-RA-to-framework-summary'!$B$4:$B$26, MOD(ROW(A45)-1, 23)+1)} -> Logger | D46: {=INDEX('final-RA-to-framework-summary'!$C$4:$Z$26, MOD(ROW(A45)-1, 23)+1, INT((ROW(A45)-1)/23)+1)} -> explicit | E46: https://github.com/Farama-Foundation/PettingZoo/blob/master/pettingzoo/utils/env_logger.py | F46: class EnvLogger: Used for logging warnings and errors for environments.
A47: {=INDEX('final-RA-to-framework-summary'!$C$1:$T$1, 1, INT((ROW(A46)-1)/23)+1)} -> F2 | B47: {=INDEX('final-RA-to-framework-summary'!$C$2:$T$2, 1, INT((ROW(B46)-1)/23)+1)} -> PettingZoo | C47: {=INDEX('final-RA-to-framework-summary'!$B$4:$B$26, MOD(ROW(A46)-1, 23)+1)} -> Reporter | D47: {=INDEX('final-RA-to-framework-summary'!$C$4:$Z$26, MOD(ROW(A46)-1, 23)+1, INT((ROW(A46)-1)/23)+1)} -> explicit | E47: https://github.com/Farama-Foundation/PettingZoo/blob/master/pettingzoo/utils/average_total_reward.py | F47: Calculates the average total reward over the episodes for AEC environments. | G47: (and print out)
A48: {=INDEX('final-RA-to-framework-summary'!$C$1:$T$1, 1, INT((ROW(A47)-1)/23)+1)} -> F3 | B48: {=INDEX('final-RA-to-framework-summary'!$C$2:$T$2, 1, INT((ROW(B47)-1)/23)+1)} -> Unity ML-Agents | C48: {=INDEX('final-RA-to-framework-summary'!$B$4:$B$26, MOD(ROW(A47)-1, 23)+1)} -> Experiment Orchestrator | D48: {=INDEX('final-RA-to-framework-summary'!$C$4:$Z$26, MOD(ROW(A47)-1, 23)+1, INT((ROW(A47)-1)/23)+1)} -> not implemented
A49: {=INDEX('final-RA-to-framework-summary'!$C$1:$T$1, 1, INT((ROW(A48)-1)/23)+1)} -> F3 | B49: {=INDEX('final-RA-to-framework-summary'!$C$2:$T$2, 1, INT((ROW(B48)-1)/23)+1)} -> Unity ML-Agents | C49: {=INDEX('final-RA-to-framework-summary'!$B$4:$B$26, MOD(ROW(A48)-1, 23)+1)} -> Experiment Manager | D49: {=INDEX('final-RA-to-framework-summary'!$C$4:$Z$26, MOD(ROW(A48)-1, 23)+1, INT((ROW(A48)-1)/23)+1)} -> implicit | E49: https://github.com/Unity-Technologies/ml-agents/blob/develop/ml-agents/mlagents/trainers/run_experiment.py | F49: def main(): """ Provides an alternative CLI interface to mlagents-learn, 'mlagents-run-experiment'. Accepts a JSON/YAML formatted mlagents.trainers.learn.RunOptions object, and executes the run loop as defined in mlagents.trainers.learn.run_cli. """ args = parse_command_line() expt_config = load_config(args.experiment_config_path) _, _ = register_trainer_plugins() run_cli(RunOptions.from_dict(expt_config)) if __name__ == "__main__": main() | G49: (user-entry point, take config) take user input, run: learn
A50: {=INDEX('final-RA-to-framework-summary'!$C$1:$T$1, 1, INT((ROW(A49)-1)/23)+1)} -> F3 | B50: {=INDEX('final-RA-to-framework-summary'!$C$2:$T$2, 1, INT((ROW(B49)-1)/23)+1)} -> Unity ML-Agents | C50: {=INDEX('final-RA-to-framework-summary'!$B$4:$B$26, MOD(ROW(A49)-1, 23)+1)} -> Hyperparameter Tuner | D50: {=INDEX('final-RA-to-framework-summary'!$C$4:$Z$26, MOD(ROW(A49)-1, 23)+1, INT((ROW(A49)-1)/23)+1)} -> not implemented
A51: {=INDEX('final-RA-to-framework-summary'!$C$1:$T$1, 1, INT((ROW(A50)-1)/23)+1)} -> F3 | B51: {=INDEX('final-RA-to-framework-summary'!$C$2:$T$2, 1, INT((ROW(B50)-1)/23)+1)} -> Unity ML-Agents | C51: {=INDEX('final-RA-to-framework-summary'!$B$4:$B$26, MOD(ROW(A50)-1, 23)+1)} -> Benchmark Manager | D51: {=INDEX('final-RA-to-framework-summary'!$C$4:$Z$26, MOD(ROW(A50)-1, 23)+1, INT((ROW(A50)-1)/23)+1)} -> not implemented
A52: {=INDEX('final-RA-to-framework-summary'!$C$1:$T$1, 1, INT((ROW(A51)-1)/23)+1)} -> F3 | B52: {=INDEX('final-RA-to-framework-summary'!$C$2:$T$2, 1, INT((ROW(B51)-1)/23)+1)} -> Unity ML-Agents | C52: {=INDEX('final-RA-to-framework-summary'!$B$4:$B$26, MOD(ROW(A51)-1, 23)+1)} -> Framework Orchestrator | D52: {=INDEX('final-RA-to-framework-summary'!$C$4:$Z$26, MOD(ROW(A51)-1, 23)+1, INT((ROW(A51)-1)/23)+1)} -> implicit | E52: https://github.com/Unity-Technologies/ml-agents/blob/develop/ml-agents/mlagents/trainers/learn.py | F52: def run_training(run_seed: int, options: RunOptions, num_areas: int) -> None: """ Launches training session. | G52: learn -> run_training configs everything; setup loggers/checkpoints; if need reports.. Create controller and begin training. after that get results.
A53: {=INDEX('final-RA-to-framework-summary'!$C$1:$T$1, 1, INT((ROW(A52)-1)/23)+1)} -> F3 | B53: {=INDEX('final-RA-to-framework-summary'!$C$2:$T$2, 1, INT((ROW(B52)-1)/23)+1)} -> Unity ML-Agents | C53: {=INDEX('final-RA-to-framework-summary'!$B$4:$B$26, MOD(ROW(A52)-1, 23)+1)} -> Lifecycle Manager | D53: {=INDEX('final-RA-to-framework-summary'!$C$4:$Z$26, MOD(ROW(A52)-1, 23)+1, INT((ROW(A52)-1)/23)+1)} -> explicit | E53: https://github.com/Unity-Technologies/ml-agents/blob/develop/ml-agents/mlagents/trainers/trainer_controller.py | F53: """Launches trainers for each External Brains in a Unity Environment.""" TrainerController start_learning(), end_trainer_episodes, reset_env_if_ready, | G53: Also, The ML-Agents Academy class orchestrates the agent simulation loop The Academy is a singleton which orchestrates Agents and their decision making processes.
A54: {=INDEX('final-RA-to-framework-summary'!$C$1:$T$1, 1, INT((ROW(A53)-1)/23)+1)} -> F3 | B54: {=INDEX('final-RA-to-framework-summary'!$C$2:$T$2, 1, INT((ROW(B53)-1)/23)+1)} -> Unity ML-Agents | C54: {=INDEX('final-RA-to-framework-summary'!$B$4:$B$26, MOD(ROW(A53)-1, 23)+1)} -> Configuration Manager | D54: {=INDEX('final-RA-to-framework-summary'!$C$4:$Z$26, MOD(ROW(A53)-1, 23)+1, INT((ROW(A53)-1)/23)+1)} -> not implemented
A55: {=INDEX('final-RA-to-framework-summary'!$C$1:$T$1, 1, INT((ROW(A54)-1)/23)+1)} -> F3 | B55: {=INDEX('final-RA-to-framework-summary'!$C$2:$T$2, 1, INT((ROW(B54)-1)/23)+1)} -> Unity ML-Agents | C55: {=INDEX('final-RA-to-framework-summary'!$B$4:$B$26, MOD(ROW(A54)-1, 23)+1)} -> Multi-Agent Coordinator | D55: {=INDEX('final-RA-to-framework-summary'!$C$4:$Z$26, MOD(ROW(A54)-1, 23)+1, INT((ROW(A54)-1)/23)+1)} -> explicit | E55: https://github.com/Unity-Technologies/ml-agents/blob/develop/com.unity.ml-agents/Runtime/IMultiAgentGroup.cs ; https://github.com/Unity-Technologies/ml-agents/blob/develop/com.unity.ml-agents/Runtime/Academy.cs | F55: MultiAgentGroup interface for grouping agents to support multi-agent training. The Academy uses a series of events to communicate with agents to facilitate synchronization. More specifically, it ensures that all the agents perform their steps in a consistent order (i.e. no agent can act based on a decision before another agent has had a chance o request a decision).
A56: {=INDEX('final-RA-to-framework-summary'!$C$1:$T$1, 1, INT((ROW(A55)-1)/23)+1)} -> F3 | B56: {=INDEX('final-RA-to-framework-summary'!$C$2:$T$2, 1, INT((ROW(B55)-1)/23)+1)} -> Unity ML-Agents | C56: {=INDEX('final-RA-to-framework-summary'!$B$4:$B$26, MOD(ROW(A55)-1, 23)+1)} -> Distributed Execution Coordinator | D56: {=INDEX('final-RA-to-framework-summary'!$C$4:$Z$26, MOD(ROW(A55)-1, 23)+1, INT((ROW(A55)-1)/23)+1)} -> not implemented
A57: {=INDEX('final-RA-to-framework-summary'!$C$1:$T$1, 1, INT((ROW(A56)-1)/23)+1)} -> F3 | B57: {=INDEX('final-RA-to-framework-summary'!$C$2:$T$2, 1, INT((ROW(B56)-1)/23)+1)} -> Unity ML-Agents | C57: {=INDEX('final-RA-to-framework-summary'!$B$4:$B$26, MOD(ROW(A56)-1, 23)+1)} -> Agent | D57: {=INDEX('final-RA-to-framework-summary'!$C$4:$Z$26, MOD(ROW(A56)-1, 23)+1, INT((ROW(A56)-1)/23)+1)} -> explicit | E57: https://github.com/Unity-Technologies/ml-agents/blob/develop/com.unity.ml-agents/Runtime/Agent.cs ; https://github.com/Unity-Technologies/ml-agents/blob/develop/ml-agents/mlagents/trainers/trainer/trainer.py | F57: Agent; Trainer: responsible for collecting experiences and training a neural network model.
A58: {=INDEX('final-RA-to-framework-summary'!$C$1:$T$1, 1, INT((ROW(A57)-1)/23)+1)} -> F3 | B58: {=INDEX('final-RA-to-framework-summary'!$C$2:$T$2, 1, INT((ROW(B57)-1)/23)+1)} -> Unity ML-Agents | C58: {=INDEX('final-RA-to-framework-summary'!$B$4:$B$26, MOD(ROW(A57)-1, 23)+1)} -> Function Approximator | D58: {=INDEX('final-RA-to-framework-summary'!$C$4:$Z$26, MOD(ROW(A57)-1, 23)+1, INT((ROW(A57)-1)/23)+1)} -> explicit | E58: https://github.com/Unity-Technologies/ml-agents/blob/develop/com.unity.ml-agents/Runtime/Policies/IPolicy.cs | F58: IPolicy is connected to a single Agent. Each time the agent needs a decision, it will request a decision to the Policy.
A59: {=INDEX('final-RA-to-framework-summary'!$C$1:$T$1, 1, INT((ROW(A58)-1)/23)+1)} -> F3 | B59: {=INDEX('final-RA-to-framework-summary'!$C$2:$T$2, 1, INT((ROW(B58)-1)/23)+1)} -> Unity ML-Agents | C59: {=INDEX('final-RA-to-framework-summary'!$B$4:$B$26, MOD(ROW(A58)-1, 23)+1)} -> Buffer | D59: {=INDEX('final-RA-to-framework-summary'!$C$4:$Z$26, MOD(ROW(A58)-1, 23)+1, INT((ROW(A58)-1)/23)+1)} -> explicit | E59: https://github.com/Unity-Technologies/ml-agents/blob/develop/ml-agents/mlagents/trainers/buffer.py | F59: AgentBuffer(MutableMapping): AgentBuffer contains a dictionary of AgentBufferFields. Each agent has his own AgentBuffer.
A60: {=INDEX('final-RA-to-framework-summary'!$C$1:$T$1, 1, INT((ROW(A59)-1)/23)+1)} -> F3 | B60: {=INDEX('final-RA-to-framework-summary'!$C$2:$T$2, 1, INT((ROW(B59)-1)/23)+1)} -> Unity ML-Agents | C60: {=INDEX('final-RA-to-framework-summary'!$B$4:$B$26, MOD(ROW(A59)-1, 23)+1)} -> Learner | D60: {=INDEX('final-RA-to-framework-summary'!$C$4:$Z$26, MOD(ROW(A59)-1, 23)+1, INT((ROW(A59)-1)/23)+1)} -> implicit | E60: https://github.com/Unity-Technologies/ml-agents/blob/develop/ml-agents/mlagents/trainers/trainer/trainer.py | F60: Trainer: responsible for collecting experiences and training a neural network model. def advance(self) -> None: Advances the trainer. Typically, this means grabbing trajectories from all subscribed trajectory queues (self.trajectory_queues), and updating a policy using the steps in them, and if needed pushing a new policy onto the right policy queues (self.policy_queues). | G60: contains in Agent itself, not seperate module
A61: {=INDEX('final-RA-to-framework-summary'!$C$1:$T$1, 1, INT((ROW(A60)-1)/23)+1)} -> F3 | B61: {=INDEX('final-RA-to-framework-summary'!$C$2:$T$2, 1, INT((ROW(B60)-1)/23)+1)} -> Unity ML-Agents | C61: {=INDEX('final-RA-to-framework-summary'!$B$4:$B$26, MOD(ROW(A60)-1, 23)+1)} -> Environment | D61: {=INDEX('final-RA-to-framework-summary'!$C$4:$Z$26, MOD(ROW(A60)-1, 23)+1, INT((ROW(A60)-1)/23)+1)} -> explicit | E61: https://github.com/Unity-Technologies/ml-agents/blob/develop/ml-agents-envs/mlagents_envs/base_env.py ; https://github.com/Unity-Technologies/ml-agents/blob/develop/ml-agents-envs/mlagents_envs/environment.py
A62: {=INDEX('final-RA-to-framework-summary'!$C$1:$T$1, 1, INT((ROW(A61)-1)/23)+1)} -> F3 | B62: {=INDEX('final-RA-to-framework-summary'!$C$2:$T$2, 1, INT((ROW(B61)-1)/23)+1)} -> Unity ML-Agents | C62: {=INDEX('final-RA-to-framework-summary'!$B$4:$B$26, MOD(ROW(A61)-1, 23)+1)} -> Environment Core | D62: {=INDEX('final-RA-to-framework-summary'!$C$4:$Z$26, MOD(ROW(A61)-1, 23)+1, INT((ROW(A61)-1)/23)+1)} -> explicit | E62: https://github.com/Unity-Technologies/ml-agents/blob/develop/ml-agents-envs/mlagents_envs/base_env.py | F62: Python Environment API for the ML-Agents Toolkit The aim of this API is to expose Agents evolving in a simulation to perform reinforcement learning on. This API supports multi-agent scenarios and groups similar Agents (same observations, actions spaces and behavior) together. These groups of Agents are identified by their BehaviorName.
A63: {=INDEX('final-RA-to-framework-summary'!$C$1:$T$1, 1, INT((ROW(A62)-1)/23)+1)} -> F3 | B63: {=INDEX('final-RA-to-framework-summary'!$C$2:$T$2, 1, INT((ROW(B62)-1)/23)+1)} -> Unity ML-Agents | C63: {=INDEX('final-RA-to-framework-summary'!$B$4:$B$26, MOD(ROW(A62)-1, 23)+1)} -> Simulator | D63: {=INDEX('final-RA-to-framework-summary'!$C$4:$Z$26, MOD(ROW(A62)-1, 23)+1, INT((ROW(A62)-1)/23)+1)} -> explicit | E63: https://github.com/Unity-Technologies/ml-agents/tree/develop | F63: The Unity Machine Learning Agents Toolkit | G63: Unity Engine
A64: {=INDEX('final-RA-to-framework-summary'!$C$1:$T$1, 1, INT((ROW(A63)-1)/23)+1)} -> F3 | B64: {=INDEX('final-RA-to-framework-summary'!$C$2:$T$2, 1, INT((ROW(B63)-1)/23)+1)} -> Unity ML-Agents | C64: {=INDEX('final-RA-to-framework-summary'!$B$4:$B$26, MOD(ROW(A63)-1, 23)+1)} -> Simulator Adapter | D64: {=INDEX('final-RA-to-framework-summary'!$C$4:$Z$26, MOD(ROW(A63)-1, 23)+1, INT((ROW(A63)-1)/23)+1)} -> explicit | E64: https://github.com/Unity-Technologies/ml-agents/blob/develop/ml-agents-envs/mlagents_envs/environment.py | F64: UnityEnvironment(BaseEnv) Python<-> C# bridge [Runtime/Communicator/] Communicator (py): Python side of the communication. ICommunicator (C#): interface of the Communicators | G64: The two communicators will then exchange their first messages that will usually contain information for initialization. Protocol: gRPC (Google Remote Procedure Call) Unity -> Python: observation; Python -> Unity: action
A65: {=INDEX('final-RA-to-framework-summary'!$C$1:$T$1, 1, INT((ROW(A64)-1)/23)+1)} -> F3 | B65: {=INDEX('final-RA-to-framework-summary'!$C$2:$T$2, 1, INT((ROW(B64)-1)/23)+1)} -> Unity ML-Agents | C65: {=INDEX('final-RA-to-framework-summary'!$B$4:$B$26, MOD(ROW(A64)-1, 23)+1)} -> Checkpoint Manager | D65: {=INDEX('final-RA-to-framework-summary'!$C$4:$Z$26, MOD(ROW(A64)-1, 23)+1, INT((ROW(A64)-1)/23)+1)} -> explicit | E65: https://github.com/Unity-Technologies/ml-agents/blob/develop/ml-agents/mlagents/trainers/policy/checkpoint_manager.py ; https://github.com/Unity-Technologies/ml-agents/blob/develop/ml-agents/mlagents/trainers/model_saver/model_saver.py | F65: ModelCheckpointManager def get_checkpoints(behavior_name: str) -> List[Dict[str, Any]]: checkpoint_list = GlobalTrainingStatus.get_parameter_state( behavior_name, StatusType.CHECKPOINTS ) def remove_checkpoint(checkpoint: Dict[str, Any]) -> None: """ Removes a checkpoint stored in checkpoint_list. If checkpoint cannot be found, no action is done. def add_checkpoint( cls, behavior_name: str, new_checkpoint: ModelCheckpoint, keep_checkpoints: int ) -> None: ------ class BaseModelSaver(abc.ABC): This class is the base class for the ModelSaver def save_checkpoint(self, behavior_name: str, step: int) -> Tuple[str, List[str]]: """ Checkpoints the policy on disk.
A66: {=INDEX('final-RA-to-framework-summary'!$C$1:$T$1, 1, INT((ROW(A65)-1)/23)+1)} -> F3 | B66: {=INDEX('final-RA-to-framework-summary'!$C$2:$T$2, 1, INT((ROW(B65)-1)/23)+1)} -> Unity ML-Agents | C66: {=INDEX('final-RA-to-framework-summary'!$B$4:$B$26, MOD(ROW(A65)-1, 23)+1)} -> Environment Parameter Manager | D66: {=INDEX('final-RA-to-framework-summary'!$C$4:$Z$26, MOD(ROW(A65)-1, 23)+1, INT((ROW(A65)-1)/23)+1)} -> explicit | E66: https://github.com/Unity-Technologies/ml-agents/blob/develop/com.unity.ml-agents/Runtime/EnvironmentParameters.cs | F66: EnvironmentParameters C#:A container for the Environment Parameters that may be modified during training. The keys for those parameters are defined in the trainer configurations and the the values are generated from the training process in features such as Curriculum Learning and Environment Parameter Randomization. Curriculum learning and environment parameter randomization are two training methods that control specific parameters in your environment. As such, it is important to ensure that your environment parameters are updated at each step to the correct values. To enable this, we expose a EnvironmentParameters C# class that you can use to retrieve the values of the parameters defined in the training configurations for both of those features. class EnvironmentParameterManager EnvironmentParameterManager manages all the environment parameters of a training session. It determines when parameters should change and gives access to the current sampler of each parameter.
A67: {=INDEX('final-RA-to-framework-summary'!$C$1:$T$1, 1, INT((ROW(A66)-1)/23)+1)} -> F3 | B67: {=INDEX('final-RA-to-framework-summary'!$C$2:$T$2, 1, INT((ROW(B66)-1)/23)+1)} -> Unity ML-Agents | C67: {=INDEX('final-RA-to-framework-summary'!$B$4:$B$26, MOD(ROW(A66)-1, 23)+1)} -> Renderer | D67: {=INDEX('final-RA-to-framework-summary'!$C$4:$Z$26, MOD(ROW(A66)-1, 23)+1, INT((ROW(A66)-1)/23)+1)} -> implicit | E67: https://github.com/Unity-Technologies/ml-agents/blob/develop/ml-agents-envs/mlagents_envs/envs/unity_gym_env.py | F67: def render(self, mode="rgb_array"): Return the latest visual observations. | G67: inside env
A68: {=INDEX('final-RA-to-framework-summary'!$C$1:$T$1, 1, INT((ROW(A67)-1)/23)+1)} -> F3 | B68: {=INDEX('final-RA-to-framework-summary'!$C$2:$T$2, 1, INT((ROW(B67)-1)/23)+1)} -> Unity ML-Agents | C68: {=INDEX('final-RA-to-framework-summary'!$B$4:$B$26, MOD(ROW(A67)-1, 23)+1)} -> Recorder | D68: {=INDEX('final-RA-to-framework-summary'!$C$4:$Z$26, MOD(ROW(A67)-1, 23)+1, INT((ROW(A67)-1)/23)+1)} -> not implemented
A69: {=INDEX('final-RA-to-framework-summary'!$C$1:$T$1, 1, INT((ROW(A68)-1)/23)+1)} -> F3 | B69: {=INDEX('final-RA-to-framework-summary'!$C$2:$T$2, 1, INT((ROW(B68)-1)/23)+1)} -> Unity ML-Agents | C69: {=INDEX('final-RA-to-framework-summary'!$B$4:$B$26, MOD(ROW(A68)-1, 23)+1)} -> Logger | D69: {=INDEX('final-RA-to-framework-summary'!$C$4:$Z$26, MOD(ROW(A68)-1, 23)+1, INT((ROW(A68)-1)/23)+1)} -> explicit | E69: https://github.com/Unity-Technologies/ml-agents/blob/develop/ml-agents-envs/mlagents_envs/logging_util.py ; https://github.com/Unity-Technologies/ml-agents/blob/develop/com.unity.ml-agents/Runtime/StatsRecorder.cs | F69: import logging def get_logger(name: str) -> logging.Logger: """ Create a logger with the specified name. The logger will use the log level specified by set_log_level() """ logger = logging.getLogger(name=name) ----- com.unity.ml-agents/Runtime/StatsRecorder.cs public sealed class StatsRecorder Add a stat value for reporting. We offer developers a mechanism to record statistics from within their Unity environments. These statistics are aggregated and generated during the training process.
A70: {=INDEX('final-RA-to-framework-summary'!$C$1:$T$1, 1, INT((ROW(A69)-1)/23)+1)} -> F3 | B70: {=INDEX('final-RA-to-framework-summary'!$C$2:$T$2, 1, INT((ROW(B69)-1)/23)+1)} -> Unity ML-Agents | C70: {=INDEX('final-RA-to-framework-summary'!$B$4:$B$26, MOD(ROW(A69)-1, 23)+1)} -> Reporter | D70: {=INDEX('final-RA-to-framework-summary'!$C$4:$Z$26, MOD(ROW(A69)-1, 23)+1, INT((ROW(A69)-1)/23)+1)} -> external | E70: https://github.com/Unity-Technologies/ml-agents/blob/develop/ml-agents/mlagents/trainers/stats.py | F70: The ML-Agents Toolkit saves statistics during learning session that you can view with a TensorBoard class TensorboardWriter(StatsWriter): def __init__( self, base_dir: str, clear_past_data: bool = False, hidden_keys: Optional[List[str]] = None, ): """ A StatsWriter that writes to a Tensorboard summary. | G70: stats recorder send data to StatsReporter | H70: Tensorboard
A71: {=INDEX('final-RA-to-framework-summary'!$C$1:$T$1, 1, INT((ROW(A70)-1)/23)+1)} -> F4 | B71: {=INDEX('final-RA-to-framework-summary'!$C$2:$T$2, 1, INT((ROW(B70)-1)/23)+1)} -> Isaac Gym | C71: {=INDEX('final-RA-to-framework-summary'!$B$4:$B$26, MOD(ROW(A70)-1, 23)+1)} -> Experiment Orchestrator | D71: {=INDEX('final-RA-to-framework-summary'!$C$4:$Z$26, MOD(ROW(A70)-1, 23)+1, INT((ROW(A70)-1)/23)+1)} -> not implemented
A72: {=INDEX('final-RA-to-framework-summary'!$C$1:$T$1, 1, INT((ROW(A71)-1)/23)+1)} -> F4 | B72: {=INDEX('final-RA-to-framework-summary'!$C$2:$T$2, 1, INT((ROW(B71)-1)/23)+1)} -> Isaac Gym | C72: {=INDEX('final-RA-to-framework-summary'!$B$4:$B$26, MOD(ROW(A71)-1, 23)+1)} -> Experiment Manager | D72: {=INDEX('final-RA-to-framework-summary'!$C$4:$Z$26, MOD(ROW(A71)-1, 23)+1, INT((ROW(A71)-1)/23)+1)} -> not implemented
A73: {=INDEX('final-RA-to-framework-summary'!$C$1:$T$1, 1, INT((ROW(A72)-1)/23)+1)} -> F4 | B73: {=INDEX('final-RA-to-framework-summary'!$C$2:$T$2, 1, INT((ROW(B72)-1)/23)+1)} -> Isaac Gym | C73: {=INDEX('final-RA-to-framework-summary'!$B$4:$B$26, MOD(ROW(A72)-1, 23)+1)} -> Hyperparameter Tuner | D73: {=INDEX('final-RA-to-framework-summary'!$C$4:$Z$26, MOD(ROW(A72)-1, 23)+1, INT((ROW(A72)-1)/23)+1)} -> not implemented
A74: {=INDEX('final-RA-to-framework-summary'!$C$1:$T$1, 1, INT((ROW(A73)-1)/23)+1)} -> F4 | B74: {=INDEX('final-RA-to-framework-summary'!$C$2:$T$2, 1, INT((ROW(B73)-1)/23)+1)} -> Isaac Gym | C74: {=INDEX('final-RA-to-framework-summary'!$B$4:$B$26, MOD(ROW(A73)-1, 23)+1)} -> Benchmark Manager | D74: {=INDEX('final-RA-to-framework-summary'!$C$4:$Z$26, MOD(ROW(A73)-1, 23)+1, INT((ROW(A73)-1)/23)+1)} -> not implemented
A75: {=INDEX('final-RA-to-framework-summary'!$C$1:$T$1, 1, INT((ROW(A74)-1)/23)+1)} -> F4 | B75: {=INDEX('final-RA-to-framework-summary'!$C$2:$T$2, 1, INT((ROW(B74)-1)/23)+1)} -> Isaac Gym | C75: {=INDEX('final-RA-to-framework-summary'!$B$4:$B$26, MOD(ROW(A74)-1, 23)+1)} -> Framework Orchestrator | D75: {=INDEX('final-RA-to-framework-summary'!$C$4:$Z$26, MOD(ROW(A74)-1, 23)+1, INT((ROW(A74)-1)/23)+1)} -> not implemented
A76: {=INDEX('final-RA-to-framework-summary'!$C$1:$T$1, 1, INT((ROW(A75)-1)/23)+1)} -> F4 | B76: {=INDEX('final-RA-to-framework-summary'!$C$2:$T$2, 1, INT((ROW(B75)-1)/23)+1)} -> Isaac Gym | C76: {=INDEX('final-RA-to-framework-summary'!$B$4:$B$26, MOD(ROW(A75)-1, 23)+1)} -> Lifecycle Manager | D76: {=INDEX('final-RA-to-framework-summary'!$C$4:$Z$26, MOD(ROW(A75)-1, 23)+1, INT((ROW(A75)-1)/23)+1)} -> not implemented
A77: {=INDEX('final-RA-to-framework-summary'!$C$1:$T$1, 1, INT((ROW(A76)-1)/23)+1)} -> F4 | B77: {=INDEX('final-RA-to-framework-summary'!$C$2:$T$2, 1, INT((ROW(B76)-1)/23)+1)} -> Isaac Gym | C77: {=INDEX('final-RA-to-framework-summary'!$B$4:$B$26, MOD(ROW(A76)-1, 23)+1)} -> Configuration Manager | D77: {=INDEX('final-RA-to-framework-summary'!$C$4:$Z$26, MOD(ROW(A76)-1, 23)+1, INT((ROW(A76)-1)/23)+1)} -> not implemented
A78: {=INDEX('final-RA-to-framework-summary'!$C$1:$T$1, 1, INT((ROW(A77)-1)/23)+1)} -> F4 | B78: {=INDEX('final-RA-to-framework-summary'!$C$2:$T$2, 1, INT((ROW(B77)-1)/23)+1)} -> Isaac Gym | C78: {=INDEX('final-RA-to-framework-summary'!$B$4:$B$26, MOD(ROW(A77)-1, 23)+1)} -> Multi-Agent Coordinator | D78: {=INDEX('final-RA-to-framework-summary'!$C$4:$Z$26, MOD(ROW(A77)-1, 23)+1, INT((ROW(A77)-1)/23)+1)} -> not implemented
A79: {=INDEX('final-RA-to-framework-summary'!$C$1:$T$1, 1, INT((ROW(A78)-1)/23)+1)} -> F4 | B79: {=INDEX('final-RA-to-framework-summary'!$C$2:$T$2, 1, INT((ROW(B78)-1)/23)+1)} -> Isaac Gym | C79: {=INDEX('final-RA-to-framework-summary'!$B$4:$B$26, MOD(ROW(A78)-1, 23)+1)} -> Distributed Execution Coordinator | D79: {=INDEX('final-RA-to-framework-summary'!$C$4:$Z$26, MOD(ROW(A78)-1, 23)+1, INT((ROW(A78)-1)/23)+1)} -> not implemented
A80: {=INDEX('final-RA-to-framework-summary'!$C$1:$T$1, 1, INT((ROW(A79)-1)/23)+1)} -> F4 | B80: {=INDEX('final-RA-to-framework-summary'!$C$2:$T$2, 1, INT((ROW(B79)-1)/23)+1)} -> Isaac Gym | C80: {=INDEX('final-RA-to-framework-summary'!$B$4:$B$26, MOD(ROW(A79)-1, 23)+1)} -> Agent | D80: {=INDEX('final-RA-to-framework-summary'!$C$4:$Z$26, MOD(ROW(A79)-1, 23)+1, INT((ROW(A79)-1)/23)+1)} -> not implemented
A81: {=INDEX('final-RA-to-framework-summary'!$C$1:$T$1, 1, INT((ROW(A80)-1)/23)+1)} -> F4 | B81: {=INDEX('final-RA-to-framework-summary'!$C$2:$T$2, 1, INT((ROW(B80)-1)/23)+1)} -> Isaac Gym | C81: {=INDEX('final-RA-to-framework-summary'!$B$4:$B$26, MOD(ROW(A80)-1, 23)+1)} -> Function Approximator | D81: {=INDEX('final-RA-to-framework-summary'!$C$4:$Z$26, MOD(ROW(A80)-1, 23)+1, INT((ROW(A80)-1)/23)+1)} -> not implemented
A82: {=INDEX('final-RA-to-framework-summary'!$C$1:$T$1, 1, INT((ROW(A81)-1)/23)+1)} -> F4 | B82: {=INDEX('final-RA-to-framework-summary'!$C$2:$T$2, 1, INT((ROW(B81)-1)/23)+1)} -> Isaac Gym | C82: {=INDEX('final-RA-to-framework-summary'!$B$4:$B$26, MOD(ROW(A81)-1, 23)+1)} -> Buffer | D82: {=INDEX('final-RA-to-framework-summary'!$C$4:$Z$26, MOD(ROW(A81)-1, 23)+1, INT((ROW(A81)-1)/23)+1)} -> not implemented
A83: {=INDEX('final-RA-to-framework-summary'!$C$1:$T$1, 1, INT((ROW(A82)-1)/23)+1)} -> F4 | B83: {=INDEX('final-RA-to-framework-summary'!$C$2:$T$2, 1, INT((ROW(B82)-1)/23)+1)} -> Isaac Gym | C83: {=INDEX('final-RA-to-framework-summary'!$B$4:$B$26, MOD(ROW(A82)-1, 23)+1)} -> Learner | D83: {=INDEX('final-RA-to-framework-summary'!$C$4:$Z$26, MOD(ROW(A82)-1, 23)+1, INT((ROW(A82)-1)/23)+1)} -> not implemented
A84: {=INDEX('final-RA-to-framework-summary'!$C$1:$T$1, 1, INT((ROW(A83)-1)/23)+1)} -> F4 | B84: {=INDEX('final-RA-to-framework-summary'!$C$2:$T$2, 1, INT((ROW(B83)-1)/23)+1)} -> Isaac Gym | C84: {=INDEX('final-RA-to-framework-summary'!$B$4:$B$26, MOD(ROW(A83)-1, 23)+1)} -> Environment | D84: {=INDEX('final-RA-to-framework-summary'!$C$4:$Z$26, MOD(ROW(A83)-1, 23)+1, INT((ROW(A83)-1)/23)+1)} -> explicit | E84: https://github.com/isaac-sim/IsaacGymEnvs/blob/main/isaacgymenvs/tasks/base/vec_task.py | F84: Env
A85: {=INDEX('final-RA-to-framework-summary'!$C$1:$T$1, 1, INT((ROW(A84)-1)/23)+1)} -> F4 | B85: {=INDEX('final-RA-to-framework-summary'!$C$2:$T$2, 1, INT((ROW(B84)-1)/23)+1)} -> Isaac Gym | C85: {=INDEX('final-RA-to-framework-summary'!$B$4:$B$26, MOD(ROW(A84)-1, 23)+1)} -> Environment Core | D85: {=INDEX('final-RA-to-framework-summary'!$C$4:$Z$26, MOD(ROW(A84)-1, 23)+1, INT((ROW(A84)-1)/23)+1)} -> explicit | E85: https://github.com/isaac-sim/IsaacGymEnvs/blob/main/isaacgymenvs/tasks/base/vec_task.py | F85: class Env(ABC): def __init__(self, config: Dict[str, Any], rl_device: str, sim_device: str, graphics_device_id: int, headless: bool): """Initialise the env. | G85: Action: Action Processing Pipeline (in step()): observation+reward: in post_physics_step(); self.rew_buf; return in step()
A86: {=INDEX('final-RA-to-framework-summary'!$C$1:$T$1, 1, INT((ROW(A85)-1)/23)+1)} -> F4 | B86: {=INDEX('final-RA-to-framework-summary'!$C$2:$T$2, 1, INT((ROW(B85)-1)/23)+1)} -> Isaac Gym | C86: {=INDEX('final-RA-to-framework-summary'!$B$4:$B$26, MOD(ROW(A85)-1, 23)+1)} -> Simulator | D86: {=INDEX('final-RA-to-framework-summary'!$C$4:$Z$26, MOD(ROW(A85)-1, 23)+1, INT((ROW(A85)-1)/23)+1)} -> external | E86: https://github.com/isaac-sim/IsaacGymEnvs/blob/main/isaacgymenvs/tasks/base/vec_task.py | F86: self.sim_params = self.__parse_sim_params(self.cfg["physics_engine"], self.cfg["sim"]) if self.cfg["physics_engine"] == "physx": self.physics_engine = gymapi.SIM_PHYSX elif self.cfg["physics_engine"] == "flex": self.physics_engine = gymapi.SIM_FLEX else: msg = f"Invalid physics engine backend: {self.cfg['physics_engine']}" raise ValueError(msg) set/get state self.gym.simulate(self.sim) self.gym.fetch_results(self.sim, True) | G86: PhysX / Flex on GPU | H86: PhysX / Flex
A87: {=INDEX('final-RA-to-framework-summary'!$C$1:$T$1, 1, INT((ROW(A86)-1)/23)+1)} -> F4 | B87: {=INDEX('final-RA-to-framework-summary'!$C$2:$T$2, 1, INT((ROW(B86)-1)/23)+1)} -> Isaac Gym | C87: {=INDEX('final-RA-to-framework-summary'!$B$4:$B$26, MOD(ROW(A86)-1, 23)+1)} -> Simulator Adapter | D87: {=INDEX('final-RA-to-framework-summary'!$C$4:$Z$26, MOD(ROW(A86)-1, 23)+1, INT((ROW(A86)-1)/23)+1)} -> implicit | E87: https://github.com/isaac-sim/IsaacGymEnvs/blob/main/isaacgymenvs/tasks/base/vec_task.py | F87: VecTask create_sim() simulate() fetch_results() render() __parse_sim_params() | G87: create_sim() (initializes simulator) simulate() / fetch_results() render() (visualization adapter) __parse_sim_params() (config translation)
A88: {=INDEX('final-RA-to-framework-summary'!$C$1:$T$1, 1, INT((ROW(A87)-1)/23)+1)} -> F4 | B88: {=INDEX('final-RA-to-framework-summary'!$C$2:$T$2, 1, INT((ROW(B87)-1)/23)+1)} -> Isaac Gym | C88: {=INDEX('final-RA-to-framework-summary'!$B$4:$B$26, MOD(ROW(A87)-1, 23)+1)} -> Checkpoint Manager | D88: {=INDEX('final-RA-to-framework-summary'!$C$4:$Z$26, MOD(ROW(A87)-1, 23)+1, INT((ROW(A87)-1)/23)+1)} -> not implemented
A89: {=INDEX('final-RA-to-framework-summary'!$C$1:$T$1, 1, INT((ROW(A88)-1)/23)+1)} -> F4 | B89: {=INDEX('final-RA-to-framework-summary'!$C$2:$T$2, 1, INT((ROW(B88)-1)/23)+1)} -> Isaac Gym | C89: {=INDEX('final-RA-to-framework-summary'!$B$4:$B$26, MOD(ROW(A88)-1, 23)+1)} -> Environment Parameter Manager | D89: {=INDEX('final-RA-to-framework-summary'!$C$4:$Z$26, MOD(ROW(A88)-1, 23)+1, INT((ROW(A88)-1)/23)+1)} -> implicit | E89: https://github.com/isaac-sim/IsaacGymEnvs/blob/main/docs/domain_randomization.md?plain=1 | F89: We provide two interfaces to add domain randomization to your isaacgymenvs tasks: Adding domain randomization parameters to your task's YAML config Directly calling the apply_randomizations class method Provided your task inherits from our VecTask class, you have great flexibility in choosing when to randomize and what distributions to sample, and can even change the entire domain randomization dictionary at every call to apply_randomizations if you wish. | G89: Adding domain randomization parameters to your task's YAML config Directly calling the apply_randomizations class method not a module
A90: {=INDEX('final-RA-to-framework-summary'!$C$1:$T$1, 1, INT((ROW(A89)-1)/23)+1)} -> F4 | B90: {=INDEX('final-RA-to-framework-summary'!$C$2:$T$2, 1, INT((ROW(B89)-1)/23)+1)} -> Isaac Gym | C90: {=INDEX('final-RA-to-framework-summary'!$B$4:$B$26, MOD(ROW(A89)-1, 23)+1)} -> Renderer | D90: {=INDEX('final-RA-to-framework-summary'!$C$4:$Z$26, MOD(ROW(A89)-1, 23)+1, INT((ROW(A89)-1)/23)+1)} -> explicit | E90: https://github.com/isaac-sim/IsaacGymEnvs/blob/main/isaacgymenvs/tasks/base/vec_task.py | F90: def render(self, mode="rgb_array"): Draw the frame to the viewer, and check for keyboard events def set_viewer(self): """Create the viewer.""" # todo: read from config self.enable_viewer_sync = True self.viewer = None | G90: viewer
A91: {=INDEX('final-RA-to-framework-summary'!$C$1:$T$1, 1, INT((ROW(A90)-1)/23)+1)} -> F4 | B91: {=INDEX('final-RA-to-framework-summary'!$C$2:$T$2, 1, INT((ROW(B90)-1)/23)+1)} -> Isaac Gym | C91: {=INDEX('final-RA-to-framework-summary'!$B$4:$B$26, MOD(ROW(A90)-1, 23)+1)} -> Recorder | D91: {=INDEX('final-RA-to-framework-summary'!$C$4:$Z$26, MOD(ROW(A90)-1, 23)+1, INT((ROW(A90)-1)/23)+1)} -> implicit | E91: https://github.com/isaac-sim/IsaacGymEnvs/blob/main/isaacgymenvs/tasks/base/vec_task.py | F91: if self.record_frames: if not os.path.isdir(self.record_frames_dir): os.makedirs(self.record_frames_dir, exist_ok=True) self.gym.write_viewer_image_to_file(self.viewer, join(self.record_frames_dir, f"frame_{self.control_steps}.png")) | G91: merged in render func, not seperate
A92: {=INDEX('final-RA-to-framework-summary'!$C$1:$T$1, 1, INT((ROW(A91)-1)/23)+1)} -> F4 | B92: {=INDEX('final-RA-to-framework-summary'!$C$2:$T$2, 1, INT((ROW(B91)-1)/23)+1)} -> Isaac Gym | C92: {=INDEX('final-RA-to-framework-summary'!$B$4:$B$26, MOD(ROW(A91)-1, 23)+1)} -> Logger | D92: {=INDEX('final-RA-to-framework-summary'!$C$4:$Z$26, MOD(ROW(A91)-1, 23)+1, INT((ROW(A91)-1)/23)+1)} -> explicit | E92: https://github.com/isaac-sim/IsaacGymEnvs/blob/main/isaacgymenvs/tasks/amp/poselib/poselib/core/backend/logger.py ; https://github.com/isaac-sim/IsaacGymEnvs/blob/main/isaacgymenvs/learning/common_agent.py | F92: import logging ----- from tensorboardX import SummaryWriter self.eval_summary_dir = "./eval_summaries" # remove the old directory if it exists if os.path.exists(self.eval_summary_dir): import shutil shutil.rmtree(self.eval_summary_dir) self.eval_summaries = SummaryWriter(self.eval_summary_dir, flush_secs=3) The SummaryWriter class is your main entry to log data for consumption and visualization by TensorBoard.
A93: {=INDEX('final-RA-to-framework-summary'!$C$1:$T$1, 1, INT((ROW(A92)-1)/23)+1)} -> F4 | B93: {=INDEX('final-RA-to-framework-summary'!$C$2:$T$2, 1, INT((ROW(B92)-1)/23)+1)} -> Isaac Gym | C93: {=INDEX('final-RA-to-framework-summary'!$B$4:$B$26, MOD(ROW(A92)-1, 23)+1)} -> Reporter | D93: {=INDEX('final-RA-to-framework-summary'!$C$4:$Z$26, MOD(ROW(A92)-1, 23)+1, INT((ROW(A92)-1)/23)+1)} -> external | E93: https://github.com/isaac-sim/IsaacGymEnvs/blob/main/isaacgymenvs/learning/common_agent.py ; https://github.com/isaac-sim/IsaacGymEnvs/blob/main/isaacgymenvs/tasks/dextreme/allegro_hand_dextreme.py | F93: The SummaryWriter class is your main entry to log data for consumption and visualization by TensorBoard. ----- from tensorboardX import SummaryWriter | G93: visualization by TensorBoard. | H93: TensorBoard
A94: {=INDEX('final-RA-to-framework-summary'!$C$1:$T$1, 1, INT((ROW(A93)-1)/23)+1)} -> F5 | B94: {=INDEX('final-RA-to-framework-summary'!$C$2:$T$2, 1, INT((ROW(B93)-1)/23)+1)} -> Isaac Lab | C94: {=INDEX('final-RA-to-framework-summary'!$B$4:$B$26, MOD(ROW(A93)-1, 23)+1)} -> Experiment Orchestrator | D94: {=INDEX('final-RA-to-framework-summary'!$C$4:$Z$26, MOD(ROW(A93)-1, 23)+1, INT((ROW(A93)-1)/23)+1)} -> not implemented
A95: {=INDEX('final-RA-to-framework-summary'!$C$1:$T$1, 1, INT((ROW(A94)-1)/23)+1)} -> F5 | B95: {=INDEX('final-RA-to-framework-summary'!$C$2:$T$2, 1, INT((ROW(B94)-1)/23)+1)} -> Isaac Lab | C95: {=INDEX('final-RA-to-framework-summary'!$B$4:$B$26, MOD(ROW(A94)-1, 23)+1)} -> Experiment Manager | D95: {=INDEX('final-RA-to-framework-summary'!$C$4:$Z$26, MOD(ROW(A94)-1, 23)+1, INT((ROW(A94)-1)/23)+1)} -> not implemented
A96: {=INDEX('final-RA-to-framework-summary'!$C$1:$T$1, 1, INT((ROW(A95)-1)/23)+1)} -> F5 | B96: {=INDEX('final-RA-to-framework-summary'!$C$2:$T$2, 1, INT((ROW(B95)-1)/23)+1)} -> Isaac Lab | C96: {=INDEX('final-RA-to-framework-summary'!$B$4:$B$26, MOD(ROW(A95)-1, 23)+1)} -> Hyperparameter Tuner | D96: {=INDEX('final-RA-to-framework-summary'!$C$4:$Z$26, MOD(ROW(A95)-1, 23)+1, INT((ROW(A95)-1)/23)+1)} -> not implemented
A97: {=INDEX('final-RA-to-framework-summary'!$C$1:$T$1, 1, INT((ROW(A96)-1)/23)+1)} -> F5 | B97: {=INDEX('final-RA-to-framework-summary'!$C$2:$T$2, 1, INT((ROW(B96)-1)/23)+1)} -> Isaac Lab | C97: {=INDEX('final-RA-to-framework-summary'!$B$4:$B$26, MOD(ROW(A96)-1, 23)+1)} -> Benchmark Manager | D97: {=INDEX('final-RA-to-framework-summary'!$C$4:$Z$26, MOD(ROW(A96)-1, 23)+1, INT((ROW(A96)-1)/23)+1)} -> not implemented
A98: {=INDEX('final-RA-to-framework-summary'!$C$1:$T$1, 1, INT((ROW(A97)-1)/23)+1)} -> F5 | B98: {=INDEX('final-RA-to-framework-summary'!$C$2:$T$2, 1, INT((ROW(B97)-1)/23)+1)} -> Isaac Lab | C98: {=INDEX('final-RA-to-framework-summary'!$B$4:$B$26, MOD(ROW(A97)-1, 23)+1)} -> Framework Orchestrator | D98: {=INDEX('final-RA-to-framework-summary'!$C$4:$Z$26, MOD(ROW(A97)-1, 23)+1, INT((ROW(A97)-1)/23)+1)} -> not implemented
A99: {=INDEX('final-RA-to-framework-summary'!$C$1:$T$1, 1, INT((ROW(A98)-1)/23)+1)} -> F5 | B99: {=INDEX('final-RA-to-framework-summary'!$C$2:$T$2, 1, INT((ROW(B98)-1)/23)+1)} -> Isaac Lab | C99: {=INDEX('final-RA-to-framework-summary'!$B$4:$B$26, MOD(ROW(A98)-1, 23)+1)} -> Lifecycle Manager | D99: {=INDEX('final-RA-to-framework-summary'!$C$4:$Z$26, MOD(ROW(A98)-1, 23)+1, INT((ROW(A98)-1)/23)+1)} -> not implemented
A100: {=INDEX('final-RA-to-framework-summary'!$C$1:$T$1, 1, INT((ROW(A99)-1)/23)+1)} -> F5 | B100: {=INDEX('final-RA-to-framework-summary'!$C$2:$T$2, 1, INT((ROW(B99)-1)/23)+1)} -> Isaac Lab | C100: {=INDEX('final-RA-to-framework-summary'!$B$4:$B$26, MOD(ROW(A99)-1, 23)+1)} -> Configuration Manager | D100: {=INDEX('final-RA-to-framework-summary'!$C$4:$Z$26, MOD(ROW(A99)-1, 23)+1, INT((ROW(A99)-1)/23)+1)} -> external | E100: https://github.com/isaac-sim/IsaacLab/blob/main/docs/source/features/hydra.rst https://github.com/isaac-sim/IsaacLab/blob/main/source/isaaclab_tasks/isaaclab_tasks/utils/hydra.py | F100: Isaac Lab supports the Hydra configuration system to modify the task’s configuration using command line arguments, which can be useful to automate experiments and perform hyperparameter tuning. ----- def register_task_to_hydra( task_name: str, agent_cfg_entry_point: str ) -> tuple[ManagerBasedRLEnvCfg | DirectRLEnvCfg, dict]: """Register the task configuration to the Hydra configuration store. This function resolves the configuration file for the environment and agent based on the task's name. It then registers the configurations to the Hydra configuration store. | H100: Hydra
...
